<?xml version="1.0" encoding="utf-8"?>
<CustomDevice xmlns:xsi="http://www.w3.org/2001/XMLSchema-instance" xsi:noNamespaceSchemaLocation="Custom Device.xsd">
<XSDVersion Major="2010" Minor="0" Fix="0" Build="0" />
  <AddMenu>
    <eng>Serial Custom Device</eng>
    <loc>Serial Custom Device</loc>
  </AddMenu>
  <Version>1.0.0</Version>
  <Type>Inline HW Interface</Type>
  <MaxOccurrence>10</MaxOccurrence>
  <MainPageGUID>0d32d31e-597c-4baf-8c78-a80c9bfcdab8</MainPageGUID>
  <InitializationVI>
    <Type>Action</Type>
    <Item2Launch>
      <Type>To Common Doc Dir</Type>
		<Path>Custom Devices\Serial Custom Device\Windows\Serial Custom Device Configuration.llb\Initialization VI.vi</Path>
    </Item2Launch>
  </InitializationVI>
  <CustomDeviceVI>
		<SourceDistribution>
			<Source>
				<SupportedTarget>Windows</SupportedTarget>
				<Source>
					<Type>To Common Doc Dir</Type>
					<Path>Custom Devices\Serial Custom Device\Windows\Serial Custom Device Engine Windows.llb\RT Driver VI.vi</Path>
				</Source>
				<RealTimeSystemDestination>c:\ni-rt\VeriStand\Custom Devices\Serial Custom Device\Serial Custom Device Engine Windows.llb\RT Driver VI.vi</RealTimeSystemDestination>
			</Source>
			<Source>
				<SupportedTarget>Pharlap</SupportedTarget>
				<Source>
					<Type>To Common Doc Dir</Type>
					<Path>Custom Devices\Serial Custom Device\PharLap\Serial Custom Device Engine Pharlap.llb\RT Driver VI.vi</Path>
				</Source>
				<RealTimeSystemDestination>c:\ni-rt\VeriStand\Custom Devices\Serial Custom Device\Serial Custom Device Engine Pharlap.llb\RT Driver VI.vi</RealTimeSystemDestination>
			</Source>
			<Source>
				<SupportedTarget>VxWorks</SupportedTarget>
				<Source>
					<Type>To Common Doc Dir</Type>
					<Path>Custom Devices\Serial Custom Device\VxWorks\Serial Custom Device Engine VxWorks.llb\RT Driver VI.vi</Path>
				</Source>
				<RealTimeSystemDestination>c:\ni-rt\VeriStand\Custom Devices\Serial Custom Device\Serial Custom Device Engine VxWorks.llb\RT Driver VI.vi</RealTimeSystemDestination>
			</Source>	
			<Source>
				<SupportedTarget>Linux_32_ARM</SupportedTarget>
				<Source>
					<Type>To Common Doc Dir</Type>
					<Path>Custom Devices\Serial Custom Device\Linux_32_ARM\Serial Custom Device Engine LinuxARM.llb\RT Driver VI.vi</Path>
				</Source>
				<RealTimeSystemDestination>c:\ni-rt\VeriStand\Custom Devices\Serial Custom Device\Serial Custom Device Engine LinuxARM.llb\RT Driver VI.vi</RealTimeSystemDestination>
			</Source>
			<Source>
				<SupportedTarget>Linux_x64</SupportedTarget>
				<Source>
					<Type>To Common Doc Dir</Type>
					<Path>Custom Devices\Serial Custom Device\Linux_x64\Serial Custom Device Engine Linux64.llb\RT Driver VI.vi</Path>
				</Source>
				<RealTimeSystemDestination>c:\ni-rt\VeriStand\Custom Devices\Serial Custom Device\Serial Custom Device Engine Linux64.llb\RT Driver VI.vi</RealTimeSystemDestination>
			</Source>
		</SourceDistribution>
	</CustomDeviceVI>
  <Dependencies />
  <Pages>
    <Page>
      <Name>
        <eng>Serial Custom Device</eng>
        <loc>Serial Custom Device</loc>
      </Name>
      <GUID>0d32d31e-597c-4baf-8c78-a80c9bfcdab8</GUID>
      <Glyph>
			<Type>To Application Data Dir</Type>
			<Path>System Explorer\Glyphs\default fpga category.png</Path>
		</Glyph>
      <Item2Launch>
        <Type>To Common Doc Dir</Type>
		<Path>Custom Devices\Serial Custom Device\Windows\Serial Custom Device Configuration.llb\Main Page.vi</Path>
      </Item2Launch>
	  <RunTimeMenu>
		<MenuItem>
			<GUID>7334ce55-8f8c-4b20-88bc-0cd25370739f</GUID>
			<Type>Action</Type>
			<Execution>silent</Execution>
			<Name>
				<eng>Export Configuration</eng>
				<loc>Export Configuration</loc>
			</Name>
			<Item2Launch>
				<Type>To Common Doc Dir</Type>
				<Path>Custom Devices\Serial Custom Device\Windows\Serial Custom Device Configuration.llb\Export Configuration RTM.vi</Path>
			</Item2Launch>
		</MenuItem>
	  </RunTimeMenu>
	  <ButtonList>
			<Button>
				<ID>7334ce55-8f8c-4b20-88bc-0cd25370739f-Button</ID>
				<Glyph>
					<Type>To Application Data Dir</Type>
					<Path>System Explorer\Glyphs\Export.png</Path>
				</Glyph>
				<Type>Action</Type>
				<ReferencedGUID>7334ce55-8f8c-4b20-88bc-0cd25370739f</ReferencedGUID>
				<ButtonText>
					<eng>Export Configuration</eng>
					<loc>Export Configuration</loc>
				</ButtonText>
				<Caption>
					<eng>Export Configuration</eng>
					<loc>Export Configuration</loc>
				</Caption>
				<TipStrip>
					<eng>Export Custom Device Configuration</eng>
					<loc>Export Custom Device Configuration</loc>
				</TipStrip>
				<Documentation>
					<eng>Export Custom Device Configuration</eng>
					<loc>Export Custom Device Configuration</loc>
				</Documentation>
			</Button>
	  </ButtonList>
	  <ActionVIOnCompile>
        <Type>To Common Doc Dir</Type>
        <Path>Custom Devices\Serial Custom Device\Windows\Serial Custom Device Configuration.llb\ActionVIOnCompile.vi</Path>
      </ActionVIOnCompile>
    </Page>
    
<Page>
      <Name>
        <eng>Rx</eng>
        <loc>Rx</loc>
      </Name>
      <GUID>b7b7b68e-d658-4b49-8bd6-e08dee358736</GUID>
      <Glyph>
			<Type>To Application Data Dir</Type>
			<Path>System Explorer\Glyphs\default fpga category.png</Path>
		</Glyph>
      <Item2Launch>
        <Type>To Common Doc Dir</Type>
		<Path>Custom Devices\Serial Custom Device\Windows\Serial Custom Device Configuration.llb\Rx.vi</Path>
      </Item2Launch>
    </Page>
<Page>
      <Name>
        <eng>Tx</eng>
        <loc>Tx</loc>
      </Name>
      <GUID>1f006282-3be3-483e-ac21-83fdb683f4e0</GUID>
      <Glyph>
			<Type>To Application Data Dir</Type>
			<Path>System Explorer\Glyphs\default fpga category.png</Path>
		</Glyph>
      <Item2Launch>
        <Type>To Common Doc Dir</Type>
		<Path>Custom Devices\Serial Custom Device\Windows\Serial Custom Device Configuration.llb\Tx.vi</Path>
      </Item2Launch>
    </Page>
  </Pages>
  <CustomXML>
    <Dummy></Dummy>
  </CustomXML>
</CustomDevice>